open_timestamp_utc,close_timestamp_utc,open,high,low,close,volume
1503792000,1503878399,0.00015000,0.00034000,0.00010400,0.00025400,6084989.81785850
1503878400,1503964799,0.00025400,0.00029400,0.00018200,0.00021800,1675056.97019000
1503964800,1504051199,0.00021700,0.00022300,0.00014100,0.00018200,2580511.37254000
1504051200,1504137599,0.00019500,0.00021500,0.00011600,0.00014100,2477192.75884000
1504137600,1504223999,0.00013300,0.00015300,0.00010000,0.00012700,2739787.63890000
1504224000,1504310399,0.00012500,0.00038900,0.00011400,0.00031900,7011907.29792000
1504310400,1504396799,0.00031800,0.00042200,0.00023300,0.00039800,4364263.00000000
1504396800,1504483199,0.00039600,0.00068400,0.00030000,0.00063800,7879395.29000000
1504483200,1504569599,0.00063900,0.00063900,0.00015000,0.00042900,7029167.36000000
1504569600,1504655999,0.00042500,0.00042800,0.00009100,0.00026800,10550123.28000000
1504656000,1504742399,0.00026600,0.00033100,0.00019700,0.00021800,6630038.23000000
1504742400,1504828799,0.00022500,0.00034400,0.00020500,0.00033000,5161474.67000000
1504828800,1504915199,0.00033200,0.00043800,0.00024500,0.00030100,10322891.90000000
1504915200,1505001599,0.00030100,0.00037500,0.00027500,0.00037300,2440341.84000000
1505001600,1505087999,0.00036900,0.00039300,0.00031600,0.00037300,3427024.65000000
1505088000,1505174399,0.00037300,0.00053600,0.00037100,0.00050900,5910588.87000000
1505174400,1505260799,0.00050800,0.00058800,0.00032000,0.00043600,10440249.16000000
1505260800,1505347199,0.00043800,0.00051500,0.00040900,0.00049000,2255275.07000000
1505347200,1505433599,0.00048900,0.00054100,0.00045101,0.00048999,3146378.67000000
1505433600,1505519999,0.00048040,0.00049699,0.00035509,0.00046982,2396333.35000000
1505520000,1505606399,0.00046977,0.00049300,0.00042990,0.00046500,1090619.00000000
1505606400,1505692799,0.00046500,0.00046590,0.00043501,0.00045900,567088.00000000
1505692800,1505779199,0.00045899,0.00046990,0.00043500,0.00044302,645463.00000000
1505779200,1505865599,0.00044303,0.00044749,0.00036095,0.00038500,1227037.00000000
1505865600,1505951999,0.00038114,0.00039950,0.00029000,0.00032500,1035819.03000000
1505952000,1506038399,0.00032500,0.00036799,0.00031804,0.00034611,813281.00000000
1506038400,1506124799,0.00034730,0.00041000,0.00034000,0.00040799,723169.00000000
1506124800,1506211199,0.00040599,0.00047501,0.00040200,0.00046787,877742.00000000
1506211200,1506297599,0.00046787,0.00050800,0.00043152,0.00049011,691592.00000000
1506297600,1506383999,0.00049011,0.00056999,0.00048150,0.00056000,1039995.38000000
1506384000,1506470399,0.00056000,0.00083000,0.00054297,0.00077008,2733704.80000000
1506470400,1506556799,0.00077800,0.00100899,0.00069898,0.00094800,4188685.61000000
1506556800,1506643199,0.00094800,0.00167988,0.00090189,0.00148000,5189971.99000000
1506643200,1506729599,0.00148100,0.00155000,0.00107400,0.00132000,3753965.00000000
1506729600,1506815999,0.00132000,0.00133400,0.00102000,0.00123715,3640168.00000000
1506816000,1506902399,0.00125307,0.00174670,0.00123715,0.00168999,3024916.00000000
1506902400,1506988799,0.00168999,0.00199590,0.00166800,0.00190000,2278712.62000000
1506988800,1507075199,0.00189510,0.00189880,0.00163600,0.00182457,2009171.00000000
1507075200,1507161599,0.00182357,0.00182457,0.00143450,0.00175000,2077880.00000000
1507161600,1507247999,0.00175800,0.00177895,0.00152500,0.00158000,1121852.00000000
1507248000,1507334399,0.00157401,0.00164000,0.00146101,0.00154005,777808.00000000
1507334400,1507420799,0.00154799,0.00184999,0.00151002,0.00179101,1096398.00000000
1507420800,1507507199,0.00179101,0.00185000,0.00147371,0.00150000,1209762.00000000
1507507200,1507593599,0.00150000,0.00162999,0.00120000,0.00131000,1726726.00000000
1507593600,1507679999,0.00131000,0.00154000,0.00127900,0.00149000,1445883.00000000
1507680000,1507766399,0.00149000,0.00153800,0.00137100,0.00139900,786730.00000000
1507766400,1507852799,0.00139900,0.00144900,0.00106000,0.00106000,1700222.00000000
1507852800,1507939199,0.00105900,0.00118537,0.00081471,0.00100200,2468030.00000000
1507939200,1508025599,0.00100200,0.00114338,0.00096207,0.00101500,1512905.00000000
1508025600,1508111999,0.00101501,0.00108899,0.00097700,0.00104800,2829380.00000000
1508112000,1508198399,0.00104800,0.00117700,0.00103000,0.00108000,2887929.00000000
1508198400,1508284799,0.00108000,0.00111897,0.00106330,0.00108201,1511435.00000000
1508284800,1508371199,0.00108999,0.00127100,0.00107999,0.00122100,1294125.00000000
1508371200,1508457599,0.00122100,0.00125999,0.00115500,0.00125110,1631969.00000000
1508457600,1508543999,0.00125100,0.00133090,0.00098000,0.00102500,1394162.00000000
1508544000,1508630399,0.00102500,0.00117000,0.00098222,0.00116390,1360752.00000000
1508630400,1508716799,0.00116390,0.00124069,0.00110290,0.00115010,634977.00000000
1508716800,1508803199,0.00115010,0.00118355,0.00110280,0.00115200,806470.00000000
1508803200,1508889599,0.00115200,0.00148498,0.00114900,0.00147500,1577052.00000000
1508889600,1508975999,0.00147497,0.00147497,0.00123602,0.00129900,677726.00000000
1508976000,1509062399,0.00128429,0.00134700,0.00114711,0.00117500,788857.00000000
1509062400,1509148799,0.00117500,0.00121100,0.00111700,0.00116015,823335.00000000
1509148800,1509235199,0.00116599,0.00119300,0.00112020,0.00114300,877341.00000000
1509235200,1509321599,0.00114206,0.00116600,0.00110999,0.00112500,1921526.00000000
1509321600,1509407999,0.00112500,0.00134000,0.00110901,0.00122026,1867386.00000000
1509408000,1509494399,0.00122100,0.00124000,0.00085448,0.00086150,2033282.00000000
1509494400,1509580799,0.00088100,0.00095990,0.00071000,0.00071300,1754797.00000000
1509580800,1509667199,0.00071400,0.00074799,0.00053998,0.00065109,2817917.00000000
1509667200,1509753599,0.00064490,0.00078999,0.00058990,0.00068540,1844885.00000000
1509753600,1509839999,0.00068839,0.00075950,0.00064000,0.00068462,1228090.00000000
1509840000,1509926399,0.00069168,0.00069999,0.00062600,0.00065500,569072.00000000
1509926400,1510012799,0.00065499,0.00072500,0.00064320,0.00070552,1549328.00000000
1510012800,1510099199,0.00070559,0.00071370,0.00068000,0.00068000,1413692.00000000
1510099200,1510185599,0.00068490,0.00111700,0.00065001,0.00087113,3470750.00000000
1510185600,1510271999,0.00087113,0.00094498,0.00079114,0.00086900,1691145.00000000
1510272000,1510358399,0.00087978,0.00087978,0.00071496,0.00080101,2372639.00000000
1510358400,1510444799,0.00080103,0.00087000,0.00079000,0.00082122,1599041.00000000
1510444800,1510531199,0.00082123,0.00083138,0.00074511,0.00076895,1570964.00000000
1510531200,1510617599,0.00076700,0.00085960,0.00076200,0.00080003,1418500.00000000
1510617600,1510703999,0.00080003,0.00081899,0.00075000,0.00080081,1072460.00000000
1510704000,1510790399,0.00080081,0.00080800,0.00068221,0.00071245,1130569.00000000
1510790400,1510876799,0.00071245,0.00072772,0.00059434,0.00059952,1451290.00000000
1510876800,1510963199,0.00059951,0.00069487,0.00057202,0.00061528,1584272.00000000
1510963200,1511049599,0.00061529,0.00066683,0.00059400,0.00064650,2767238.00000000
1511049600,1511135999,0.00064650,0.00066000,0.00059000,0.00061050,3353127.00000000
1511136000,1511222399,0.00060901,0.00066000,0.00056000,0.00060991,3102323.00000000
1511222400,1511308799,0.00060900,0.00062000,0.00056600,0.00058008,2582459.00000000
1511308800,1511395199,0.00058100,0.00059456,0.00054015,0.00056898,2681600.00000000
1511395200,1511481599,0.00056897,0.00057652,0.00052500,0.00054550,2298680.00000000
1511481600,1511567999,0.00054550,0.00065400,0.00053000,0.00058425,2623462.00000000
1511568000,1511654399,0.00058365,0.00064601,0.00057050,0.00059300,2420268.00000000
1511654400,1511740799,0.00059300,0.00059604,0.00054025,0.00055419,1945016.00000000
1511740800,1511827199,0.00055422,0.00085343,0.00048500,0.00066704,4246602.00000000
1511827200,1511913599,0.00066705,0.00069948,0.00053401,0.00056368,2764214.00000000
1511913600,1511999999,0.00056351,0.00059931,0.00051638,0.00052825,1884335.00000000
1512000000,1512086399,0.00052825,0.00072255,0.00050005,0.00067796,1478179.00000000
1512086400,1512172799,0.00067268,0.00078341,0.00065773,0.00076744,1913790.00000000
1512172800,1512259199,0.00076776,0.00088600,0.00073025,0.00088500,1533073.00000000
1512259200,1512345599,0.00088313,0.00098100,0.00075155,0.00083202,2274710.00000000
1512345600,1512431999,0.00083210,0.00088000,0.00076000,0.00079000,1148665.00000000
1512432000,1512518399,0.00078928,0.00087800,0.00077559,0.00079399,1303491.00000000
1512518400,1512604799,0.00078401,0.00082000,0.00057091,0.00058979,1689040.00000000
1512604800,1512691199,0.00058978,0.00062098,0.00040155,0.00042400,1728659.00000000
1512691200,1512777599,0.00042718,0.00063525,0.00038101,0.00052612,1941685.00000000
1512777600,1512863999,0.00052703,0.00059900,0.00051100,0.00052008,1522725.00000000
1512864000,1512950399,0.00052008,0.00055399,0.00042647,0.00045500,1131720.00000000
1512950400,1513036799,0.00044652,0.00046399,0.00037987,0.00042422,1096437.00000000
1513036800,1513123199,0.00043100,0.00049480,0.00040100,0.00041343,1626120.00000000
1513123200,1513209599,0.00041301,0.00048000,0.00040500,0.00044470,1384411.00000000
1513209600,1513295999,0.00044470,0.00053449,0.00043195,0.00047956,1490263.00000000
1513296000,1513382399,0.00047957,0.00048089,0.00041271,0.00045283,1105330.00000000
1513382400,1513468799,0.00045446,0.00049000,0.00043000,0.00045007,955589.00000000
1513468800,1513555199,0.00045202,0.00062000,0.00044403,0.00049200,1182887.00000000
1513555200,1513641599,0.00049943,0.00062000,0.00048100,0.00061444,803811.00000000
1513641600,1513727999,0.00061444,0.00074359,0.00058500,0.00071000,724047.00000000
1513728000,1513814399,0.00071001,0.00090800,0.00059004,0.00090291,1234054.00000000
1513814400,1513900799,0.00090100,0.00100000,0.00081220,0.00088747,754388.00000000
1513900800,1513987199,0.00088501,0.00092800,0.00074403,0.00085987,606911.00000000
1513987200,1514073599,0.00085262,0.00097550,0.00082759,0.00094000,383867.00000000
1514073600,1514159999,0.00094082,0.00099990,0.00085114,0.00086500,524957.00000000
1514160000,1514246399,0.00086759,0.00088430,0.00072000,0.00073500,686877.00000000
1514246400,1514332799,0.00073502,0.00077011,0.00058049,0.00064998,972705.00000000
1514332800,1514419199,0.00064998,0.00071830,0.00059647,0.00068589,736566.00000000
1514419200,1514505599,0.00069237,0.00078000,0.00063300,0.00076269,731281.00000000
1514505600,1514591999,0.00076269,0.00077987,0.00068600,0.00070077,1094349.00000000
1514592000,1514678399,0.00070097,0.00073150,0.00067000,0.00072311,830287.00000000
1514678400,1514764799,0.00072311,0.00084980,0.00070999,0.00076687,886216.00000000
1514764800,1514851199,0.00076421,0.00082400,0.00074741,0.00078957,1310421.00000000
1514851200,1514937599,0.00078493,0.00087401,0.00063531,0.00075800,1735118.00000000
1514937600,1515023999,0.00075800,0.00077862,0.00062901,0.00072650,1910837.00000000
1515024000,1515110399,0.00072650,0.00076000,0.00064502,0.00066003,1748133.00000000
1515110400,1515196799,0.00065661,0.00070500,0.00055500,0.00057890,1890877.00000000
1515196800,1515283199,0.00057890,0.00099540,0.00057506,0.00083989,2633308.00000000
1515283200,1515369599,0.00083988,0.00096525,0.00080806,0.00094050,1701028.00000000
1515369600,1515455999,0.00094053,0.00097470,0.00085000,0.00091873,1445278.00000000
1515456000,1515542399,0.00091914,0.00093944,0.00085615,0.00090601,1162848.00000000
1515542400,1515628799,0.00090691,0.00144440,0.00089861,0.00113278,2489143.00000000
1515628800,1515715199,0.00110409,0.00126020,0.00102001,0.00113690,1257493.80000000
1515715200,1515801599,0.00113690,0.00174690,0.00107540,0.00168900,2579502.61000000
1515801600,1515887999,0.00168880,0.00319940,0.00161000,0.00202010,7756522.11000000
1515888000,1515974399,0.00202010,0.00227000,0.00178100,0.00187350,2843601.57000000
1515974400,1516060799,0.00187350,0.00233000,0.00161000,0.00171610,1496409.60000000
1516060800,1516147199,0.00171670,0.00191990,0.00149000,0.00168400,2487962.44000000
1516147200,1516233599,0.00168450,0.00184720,0.00151000,0.00172520,1655836.92000000
1516233600,1516319999,0.00172670,0.00210000,0.00170010,0.00192170,2099618.39000000
1516320000,1516406399,0.00192650,0.00202000,0.00184960,0.00195050,1222608.05000000
1516406400,1516492799,0.00194990,0.00218800,0.00190100,0.00214790,1494025.95000000
1516492800,1516579199,0.00214220,0.00249500,0.00209070,0.00243840,1897908.53000000
1516579200,1516665599,0.00243840,0.00274990,0.00216000,0.00266010,1596952.18000000
1516665600,1516751999,0.00266010,0.00299800,0.00260000,0.00277000,2036594.59000000
1516752000,1516838399,0.00277000,0.00345000,0.00275000,0.00324750,2828983.78000000
1516838400,1516924799,0.00324750,0.00325430,0.00286000,0.00296350,831698.39000000
1516924800,1517011199,0.00296350,0.00348500,0.00290000,0.00341280,1335064.40000000
1517011200,1517097599,0.00341500,0.00379870,0.00332210,0.00367950,1916924.99000000
1517097600,1517183999,0.00367950,0.00387890,0.00295640,0.00341780,2186646.09000000
1517184000,1517270399,0.00342480,0.00365700,0.00313000,0.00337580,1210908.41000000
1517270400,1517356799,0.00337530,0.00351790,0.00305020,0.00323010,901631.90000000
1517356800,1517443199,0.00322980,0.00329000,0.00306000,0.00318260,256268.23000000
1517443200,1517529599,0.00318260,0.00321980,0.00275000,0.00301490,402457.01000000
1517529600,1517615999,0.00302390,0.00310000,0.00214750,0.00282950,572720.76000000
1517616000,1517702399,0.00282190,0.00334300,0.00270200,0.00309030,541701.11000000
1517702400,1517788799,0.00309030,0.00318800,0.00265000,0.00284200,465645.89000000
1517788800,1517875199,0.00284200,0.00294590,0.00219000,0.00252330,641905.71000000
1517875200,1517961599,0.00252700,0.00305910,0.00223700,0.00294060,701052.44000000
1517961600,1518047999,0.00294050,0.00300500,0.00260000,0.00266390,506375.66000000
1518048000,1518134399,0.00266450,0.00275840,0.00263920,0.00275490,7222.26000000
1518134400,1518220799,0.00274020,0.00284780,0.00265050,0.00269960,157547.89000000
1518220800,1518307199,0.00269960,0.00289990,0.00251250,0.00259270,440122.72000000
1518307200,1518393599,0.00259270,0.00261550,0.00238000,0.00249600,157796.61000000
1518393600,1518479999,0.00249590,0.00262000,0.00238610,0.00250250,192657.22000000
1518480000,1518566399,0.00249650,0.00258000,0.00241000,0.00250480,144865.65000000
1518566400,1518652799,0.00251030,0.00264250,0.00240100,0.00250190,257386.77000000
1518652800,1518739199,0.00250200,0.00285000,0.00244520,0.00275510,456895.64000000
1518739200,1518825599,0.00276630,0.00279000,0.00255500,0.00265520,294668.53000000
1518825600,1518911999,0.00265530,0.00272000,0.00238750,0.00239850,223730.45000000
1518912000,1518998399,0.00239840,0.00248000,0.00226000,0.00230030,197428.68000000
1518998400,1519084799,0.00229040,0.00245270,0.00225350,0.00226030,182176.66000000
1519084800,1519171199,0.00226010,0.00226960,0.00186390,0.00203010,410663.10000000
1519171200,1519257599,0.00203010,0.00205770,0.00188000,0.00198830,216279.68000000
1519257600,1519343999,0.00199370,0.00226500,0.00196520,0.00203950,332173.21000000
1519344000,1519430399,0.00204820,0.00215000,0.00200000,0.00207760,141658.52000000
1519430400,1519516799,0.00207320,0.00223360,0.00206150,0.00219030,146619.86000000
1519516800,1519603199,0.00219690,0.00229850,0.00215710,0.00227090,283762.66000000
1519603200,1519689599,0.00227110,0.00228740,0.00204690,0.00212590,325660.25000000
1519689600,1519775999,0.00212600,0.00214700,0.00195340,0.00207090,169612.86000000
1519776000,1519862399,0.00207220,0.00213270,0.00144000,0.00178650,798617.82000000
1519862400,1519948799,0.00178370,0.00190860,0.00165000,0.00171750,850635.71000000
1519948800,1520035199,0.00171750,0.00187890,0.00160000,0.00179300,705327.98000000
1520035200,1520121599,0.00179630,0.00181490,0.00168130,0.00168130,607016.82000000
1520121600,1520207999,0.00168130,0.00173490,0.00160590,0.00162250,530988.24000000
1520208000,1520294399,0.00162050,0.00187790,0.00161210,0.00177580,494529.11000000
1520294400,1520380799,0.00177630,0.00266280,0.00174150,0.00234000,3040225.75000000
1520380800,1520467199,0.00234100,0.00235500,0.00169700,0.00187710,2078110.87000000
1520467200,1520553599,0.00187710,0.00190900,0.00166340,0.00166790,498240.53000000
1520553600,1520639999,0.00166840,0.00177080,0.00157900,0.00176000,503094.34000000
1520640000,1520726399,0.00176000,0.00182140,0.00169000,0.00170670,367041.03000000
1520726400,1520812799,0.00170620,0.00183990,0.00169000,0.00176920,564510.50000000
1520812800,1520899199,0.00177540,0.00177900,0.00169110,0.00169790,452154.98000000
1520899200,1520985599,0.00169800,0.00179000,0.00167110,0.00170510,374342.20000000
1520985600,1521071999,0.00170510,0.00176500,0.00161270,0.00163660,403368.13000000
1521072000,1521158399,0.00163740,0.00169000,0.00151350,0.00156050,311221.13000000
1521158400,1521244799,0.00156200,0.00167040,0.00155510,0.00161560,258049.22000000
1521244800,1521331199,0.00162160,0.00165110,0.00146490,0.00148230,305953.81000000
1521331200,1521417599,0.00147820,0.00159990,0.00138500,0.00148400,341109.17000000
1521417600,1521503999,0.00148970,0.00152990,0.00142040,0.00149230,307359.58000000
1521504000,1521590399,0.00149290,0.00162190,0.00148250,0.00161010,312301.03000000
1521590400,1521676799,0.00160990,0.00165490,0.00152400,0.00157350,247676.24000000
1521676800,1521763199,0.00157400,0.00159490,0.00145500,0.00149080,163049.78000000
1521763200,1521849599,0.00148610,0.00162400,0.00141290,0.00155390,264245.22000000
1521849600,1521935999,0.00155210,0.00159780,0.00144880,0.00149190,193968.55000000
1521936000,1522022399,0.00149190,0.00177660,0.00148530,0.00166630,418193.34000000
1522022400,1522108799,0.00166630,0.00179500,0.00154340,0.00162170,291152.12000000
1522108800,1522195199,0.00162170,0.00178900,0.00155100,0.00175820,311862.71000000
1522195200,1522281599,0.00176000,0.00178000,0.00166720,0.00169700,166154.65000000
1522281600,1522367999,0.00169700,0.00172980,0.00153090,0.00154730,214522.85000000
1522368000,1522454399,0.00154190,0.00160010,0.00146910,0.00152360,162863.61000000
1522454400,1522540799,0.00152360,0.00167650,0.00145170,0.00146270,348785.16000000
1522540800,1522627199,0.00146240,0.00155000,0.00135200,0.00138860,274912.52000000
1522627200,1522713599,0.00138850,0.00150040,0.00135960,0.00141270,206385.93000000
1522713600,1522799999,0.00141420,0.00159690,0.00136340,0.00143310,719742.92000000
1522800000,1522886399,0.00143300,0.00146400,0.00134400,0.00136140,223242.43000000
1522886400,1522972799,0.00135900,0.00137130,0.00121200,0.00128110,325892.50000000
1522972800,1523059199,0.00128050,0.00130500,0.00121600,0.00124900,183620.12000000
1523059200,1523145599,0.00125000,0.00132240,0.00121430,0.00123990,178031.97000000
1523145600,1523231999,0.00124030,0.00129890,0.00123690,0.00124870,114710.61000000
1523232000,1523318399,0.00124860,0.00130000,0.00121900,0.00124720,262432.51000000
1523318400,1523404799,0.00125410,0.00128250,0.00121350,0.00126110,168185.45000000
1523404800,1523491199,0.00126460,0.00152650,0.00125950,0.00145750,909241.38000000
1523491200,1523577599,0.00145750,0.00148940,0.00132710,0.00138320,515794.67000000
1523577600,1523663999,0.00138310,0.00143350,0.00132590,0.00136940,447838.31000000
1523664000,1523750399,0.00137040,0.00138910,0.00130840,0.00136130,180265.41000000
1523750400,1523836799,0.00136000,0.00137500,0.00131400,0.00132800,203184.42000000
1523836800,1523923199,0.00132660,0.00135000,0.00128500,0.00131580,213033.72000000
1523923200,1524009599,0.00131550,0.00152500,0.00130230,0.00136980,915996.94000000
1524009600,1524095999,0.00136980,0.00147000,0.00136690,0.00145910,355232.98000000
1524096000,1524182399,0.00145470,0.00154480,0.00144150,0.00151210,397978.73000000
1524182400,1524268799,0.00151230,0.00152650,0.00145200,0.00148890,320196.94000000
1524268800,1524355199,0.00148890,0.00149170,0.00132560,0.00138510,260912.52000000
1524355200,1524441599,0.00138510,0.00148120,0.00136520,0.00146380,227151.97000000
1524441600,1524527999,0.00146500,0.00161500,0.00143990,0.00157250,589652.99000000
1524528000,1524614399,0.00157450,0.00163000,0.00150000,0.00150000,409847.85000000
1524614400,1524700799,0.00150180,0.00156210,0.00140370,0.00141990,312600.64000000
1524700800,1524787199,0.00141800,0.00158080,0.00141240,0.00152980,278150.60000000
1524787200,1524873599,0.00152980,0.00169800,0.00151500,0.00165340,450530.59000000
1524873600,1524959999,0.00165340,0.00183710,0.00162530,0.00175080,575374.94000000
1524960000,1525046399,0.00175080,0.00183790,0.00168100,0.00176710,342223.48000000
1525046400,1525132799,0.00176650,0.00184610,0.00165170,0.00168680,348072.77000000
1525132800,1525219199,0.00168640,0.00172640,0.00159360,0.00170450,246181.07000000
1525219200,1525305599,0.00170440,0.00173470,0.00167000,0.00170000,204436.01000000
1525305600,1525391999,0.00169930,0.00188520,0.00168800,0.00172200,624917.70000000
1525392000,1525478399,0.00171860,0.00193530,0.00171860,0.00179540,700388.16000000
1525478400,1525564799,0.00179550,0.00186970,0.00165700,0.00171340,305038.05000000
1525564800,1525651199,0.00171680,0.00171690,0.00158550,0.00166620,153410.17000000
1525651200,1525737599,0.00166620,0.00166620,0.00152800,0.00159400,239272.03000000
1525737600,1525823999,0.00159330,0.00165930,0.00151700,0.00156850,271066.07000000
1525824000,1525910399,0.00156820,0.00167730,0.00150800,0.00162030,285992.45000000
1525910400,1525996799,0.00162030,0.00165000,0.00153920,0.00156310,212552.88000000
1525996800,1526083199,0.00156320,0.00165000,0.00137200,0.00141990,302161.40000000
1526083200,1526169599,0.00141990,0.00155600,0.00135680,0.00153200,183813.06000000
1526169600,1526255999,0.00153020,0.00156000,0.00148250,0.00153290,127274.76000000
1526256000,1526342399,0.00153320,0.00159270,0.00150370,0.00152800,243091.00000000
1526342400,1526428799,0.00152990,0.00164500,0.00148000,0.00150980,238127.38000000
1526428800,1526515199,0.00150700,0.00151500,0.00143950,0.00145310,128647.54000000
1526515200,1526601599,0.00145650,0.00152710,0.00140000,0.00140980,153213.81000000
1526601600,1526687999,0.00140990,0.00148900,0.00140000,0.00146980,118570.27000000
1526688000,1526774399,0.00146980,0.00149490,0.00141400,0.00142600,91927.01000000
1526774400,1526860799,0.00142600,0.00147100,0.00141610,0.00146590,80587.85000000
1526860800,1526947199,0.00146540,0.00163100,0.00142620,0.00151280,624715.41000000
1526947200,1527033599,0.00151280,0.00153900,0.00136050,0.00138660,185119.53000000
1527033600,1527119999,0.00138670,0.00145850,0.00132730,0.00135290,161334.77000000
1527120000,1527206399,0.00135290,0.00147750,0.00134730,0.00145940,126030.86000000
1527206400,1527292799,0.00145930,0.00151000,0.00141570,0.00145450,109580.76000000
1527292800,1527379199,0.00145290,0.00147990,0.00142610,0.00146380,54031.10000000
1527379200,1527465599,0.00146380,0.00153880,0.00146000,0.00149030,108254.12000000
1527465600,1527551999,0.00149200,0.00149380,0.00140290,0.00141840,85675.74000000
1527552000,1527638399,0.00141840,0.00152500,0.00141660,0.00150590,175100.37000000
1527638400,1527724799,0.00150600,0.00153880,0.00145210,0.00147800,92084.90000000
1527724800,1527811199,0.00147890,0.00151600,0.00145840,0.00149800,87350.05000000
1527811200,1527897599,0.00149780,0.00152510,0.00145800,0.00147910,117182.76000000
1527897600,1527983999,0.00147840,0.00150220,0.00143220,0.00148910,109132.84000000
1527984000,1528070399,0.00148900,0.00153400,0.00147620,0.00150890,89442.97000000
1528070400,1528156799,0.00150940,0.00152000,0.00144000,0.00145860,88214.23000000
1528156800,1528243199,0.00146140,0.00162070,0.00145840,0.00159890,362386.40000000
1528243200,1528329599,0.00159930,0.00170140,0.00154360,0.00169610,362507.05000000
1528329600,1528415999,0.00169990,0.00172420,0.00155420,0.00157200,313190.95000000
1528416000,1528502399,0.00157200,0.00160740,0.00152000,0.00156440,160921.72000000
1528502400,1528588799,0.00156440,0.00157310,0.00152000,0.00152480,78394.40000000
1528588800,1528675199,0.00152120,0.00152470,0.00141500,0.00145530,129216.77000000
1528675200,1528761599,0.00145870,0.00146000,0.00140830,0.00144600,82554.03000000
1528761600,1528847999,0.00144590,0.00145700,0.00133500,0.00136180,162192.23000000
1528848000,1528934399,0.00136170,0.00143050,0.00123960,0.00128700,166109.36000000
1528934400,1529020799,0.00128690,0.00139600,0.00128270,0.00138420,95426.10000000
1529020800,1529107199,0.00138650,0.00139020,0.00128310,0.00131280,142030.01000000
1529107200,1529193599,0.00131590,0.00133790,0.00127920,0.00128260,73014.09000000
1529193600,1529279999,0.00128410,0.00131300,0.00127920,0.00130690,54070.84000000
1529280000,1529366399,0.00130170,0.00132870,0.00126500,0.00129500,65790.94000000
1529366400,1529452799,0.00129500,0.00133000,0.00126710,0.00127930,82270.73000000
1529452800,1529539199,0.00127990,0.00128750,0.00124620,0.00125350,99475.24000000
1529539200,1529625599,0.00125350,0.00126840,0.00117100,0.00119530,117451.48000000
1529625600,1529711999,0.00119510,0.00119970,0.00108540,0.00114300,122878.42000000
1529712000,1529798399,0.00114500,0.00117000,0.00107240,0.00112870,95279.53000000
1529798400,1529884799,0.00112790,0.00117620,0.00104060,0.00107450,206942.27000000
1529884800,1529971199,0.00106880,0.00112220,0.00099690,0.00106870,223334.48000000
1529971200,1530057599,0.00106820,0.00107710,0.00100130,0.00100130,78907.12000000
1530057600,1530143999,0.00100450,0.00100590,0.00095300,0.00097490,102766.71000000
1530144000,1530230399,0.00097670,0.00101000,0.00095330,0.00095810,76490.09000000
1530230400,1530316799,0.00095460,0.00107440,0.00094750,0.00102070,189377.42000000
1530316800,1530403199,0.00103070,0.00105120,0.00100940,0.00103120,143381.41000000
1530403200,1530489599,0.00103420,0.00107790,0.00099070,0.00103410,151653.07000000
1530489600,1530575999,0.00103260,0.00112700,0.00102940,0.00110510,278241.58000000
1530576000,1530662399,0.00110610,0.00112990,0.00101020,0.00102440,218227.51000000
1530662400,1530748799,0.00102800,0.00108900,0.00100070,0.00105640,130302.59000000
1530748800,1530835199,0.00105820,0.00112500,0.00103120,0.00105720,394955.16000000
1530835200,1530921599,0.00105720,0.00109990,0.00101340,0.00107520,151482.16000000
1530921600,1531007999,0.00107610,0.00110900,0.00103740,0.00107270,154101.25000000
1531008000,1531094399,0.00107000,0.00109970,0.00105340,0.00108020,135574.61000000
1531094400,1531180799,0.00108020,0.00120000,0.00106280,0.00106340,360922.58000000
1531180800,1531267199,0.00106340,0.00108130,0.00097000,0.00102030,163439.56000000
1531267200,1531353599,0.00102030,0.00113540,0.00100770,0.00111810,433751.94000000
1531353600,1531439999,0.00111860,0.00117980,0.00103170,0.00107000,574062.25000000
1531440000,1531526399,0.00107060,0.00118990,0.00105410,0.00110140,531137.02000000
1531526400,1531612799,0.00110640,0.00111000,0.00101350,0.00102010,252365.71000000
1531612800,1531699199,0.00102070,0.00103410,0.00100520,0.00101490,194115.60000000
1531699200,1531785599,0.00101230,0.00107880,0.00101120,0.00105820,377061.43000000
1531785600,1531871999,0.00105490,0.00107400,0.00098710,0.00105650,698316.89000000
1531872000,1531958399,0.00105630,0.00105630,0.00093380,0.00095810,1383096.80000000
1531958400,1532044799,0.00096280,0.00099000,0.00091790,0.00093380,495919.12000000
1532044800,1532131199,0.00093450,0.00095630,0.00086050,0.00086550,553604.41000000
1532131200,1532217599,0.00086550,0.00091800,0.00086100,0.00087700,248770.81000000
1532217600,1532303999,0.00087390,0.00089890,0.00083980,0.00085710,244814.72000000
1532304000,1532390399,0.00085370,0.00086340,0.00074640,0.00076130,228743.62000000
1532390400,1532476799,0.00076130,0.00078630,0.00067000,0.00068780,341934.69000000
1532476800,1532563199,0.00068710,0.00076250,0.00066660,0.00073210,376282.79000000
1532563200,1532649599,0.00073410,0.00077110,0.00070120,0.00071500,221380.72000000
1532649600,1532735999,0.00071500,0.00077820,0.00070510,0.00075650,311260.14000000
1532736000,1532822399,0.00075670,0.00077890,0.00073320,0.00074460,392437.28000000
1532822400,1532908799,0.00074090,0.00078240,0.00070500,0.00071170,471926.55000000
1532908800,1532995199,0.00071170,0.00074290,0.00066680,0.00068930,268869.15000000
1532995200,1533081599,0.00068930,0.00069090,0.00060000,0.00063000,285541.41000000
1533081600,1533167999,0.00063140,0.00064480,0.00058200,0.00060710,235624.88000000
1533168000,1533254399,0.00060630,0.00060820,0.00052670,0.00053510,498386.30000000
1533254400,1533340799,0.00053720,0.00054870,0.00046400,0.00054870,605626.39000000
1533340800,1533427199,0.00054880,0.00058100,0.00051340,0.00051900,352625.75000000
1533427200,1533513599,0.00051850,0.00053170,0.00050420,0.00052850,309232.77000000
1533513600,1533599999,0.00053000,0.00054190,0.00050480,0.00050800,285524.19000000
1533600000,1533686399,0.00050800,0.00052450,0.00047950,0.00048960,494084.88000000
1533686400,1533772799,0.00048960,0.00050000,0.00044220,0.00044900,431850.61000000
1533772800,1533859199,0.00045050,0.00047250,0.00044220,0.00046510,372016.08000000
1533859200,1533945599,0.00046500,0.00046740,0.00042900,0.00043900,369267.11000000
1533945600,1534031999,0.00043910,0.00046140,0.00040120,0.00042160,411150.23000000
1534032000,1534118399,0.00042160,0.00044400,0.00041530,0.00042280,350386.83000000
1534118400,1534204799,0.00042290,0.00042850,0.00036090,0.00036940,458223.37000000
1534204800,1534291199,0.00036950,0.00036960,0.00031030,0.00034880,527663.33000000
1534291200,1534377599,0.00034880,0.00036990,0.00032530,0.00032870,776029.96000000
1534377600,1534463999,0.00032950,0.00038040,0.00031940,0.00036300,754170.09000000
1534464000,1534550399,0.00036300,0.00045100,0.00036100,0.00044070,1150387.56000000
1534550400,1534636799,0.00044070,0.00044480,0.00038420,0.00042050,667254.60000000
1534636800,1534723199,0.00042050,0.00045960,0.00041340,0.00042990,561021.28000000
1534723200,1534809599,0.00042890,0.00044200,0.00039870,0.00040190,537089.45000000
1534809600,1534895999,0.00040370,0.00044710,0.00039930,0.00044530,524332.00000000
1534896000,1534982399,0.00044540,0.00048900,0.00042510,0.00044730,912333.79000000
1534982400,1535068799,0.00044730,0.00054770,0.00044730,0.00054370,1136282.18000000
1535068800,1535155199,0.00054360,0.00054990,0.00044420,0.00049510,1118991.02000000
1535155200,1535241599,0.00049510,0.00057430,0.00048200,0.00056830,1008776.36000000
1535241600,1535327999,0.00056930,0.00065890,0.00053500,0.00064000,1420463.44000000
1535328000,1535414399,0.00064170,0.00065810,0.00057010,0.00058600,992432.77000000
1535414400,1535500799,0.00058600,0.00065000,0.00057430,0.00058350,1018560.68000000
1535500800,1535587199,0.00058200,0.00060000,0.00054560,0.00059070,438940.53000000
1535587200,1535673599,0.00059070,0.00069050,0.00058050,0.00066630,1169364.90000000
1535673600,1535759999,0.00066630,0.00079970,0.00062940,0.00067730,2944829.00000000
1535760000,1535846399,0.00067730,0.00070670,0.00063760,0.00068140,844974.32000000
1535846400,1535932799,0.00067840,0.00068200,0.00061140,0.00062490,516532.10000000
1535932800,1536019199,0.00062320,0.00068190,0.00061250,0.00065530,916227.27000000
1536019200,1536105599,0.00065530,0.00075500,0.00064670,0.00068120,1158241.93000000
1536105600,1536191999,0.00068120,0.00072500,0.00056110,0.00057460,965927.78000000
1536192000,1536278399,0.00057230,0.00062000,0.00054130,0.00061700,512921.64000000
1536278400,1536364799,0.00061700,0.00063790,0.00058700,0.00060820,370068.91000000
1536364800,1536451199,0.00060820,0.00062190,0.00055290,0.00057100,427032.32000000
1536451200,1536537599,0.00057100,0.00057780,0.00053870,0.00055100,360099.51000000
1536537600,1536623999,0.00055410,0.00056960,0.00051080,0.00053050,313602.96000000
1536624000,1536710399,0.00053040,0.00053360,0.00046780,0.00049380,387693.50000000
1536710400,1536796799,0.00049370,0.00050770,0.00043440,0.00047780,395814.42000000
1536796800,1536883199,0.00047830,0.00053900,0.00046250,0.00049160,599920.86000000
1536883200,1536969599,0.00049260,0.00050090,0.00045300,0.00046240,423414.32000000
1536969600,1537055999,0.00046110,0.00050890,0.00045860,0.00047940,467763.60000000
1537056000,1537142399,0.00047950,0.00052780,0.00046120,0.00050790,406993.86000000
1537142400,1537228799,0.00050890,0.00056660,0.00048690,0.00049000,1045696.00000000
1537228800,1537315199,0.00048760,0.00050960,0.00048000,0.00048880,494285.66000000
1537315200,1537401599,0.00048880,0.00050450,0.00046020,0.00046790,441943.15000000
1537401600,1537487999,0.00046740,0.00048440,0.00046050,0.00047210,437522.38000000
1537488000,1537574399,0.00047340,0.00047860,0.00044710,0.00046930,763147.88000000
1537574400,1537660799,0.00046690,0.00047230,0.00044000,0.00044900,345414.97000000
1537660800,1537747199,0.00044850,0.00046890,0.00044600,0.00046250,201218.11000000
1537747200,1537833599,0.00046200,0.00046460,0.00042310,0.00043990,313664.73000000
1537833600,1537919999,0.00043990,0.00044830,0.00042160,0.00043850,315540.48000000
1537920000,1538006399,0.00043900,0.00046000,0.00042910,0.00043480,368911.81000000
1538006400,1538092799,0.00043480,0.00044720,0.00043120,0.00043680,319828.34000000
1538092800,1538179199,0.00043840,0.00044670,0.00042880,0.00043170,254059.10000000
1538179200,1538265599,0.00043160,0.00044470,0.00042660,0.00044140,299327.46000000
1538265600,1538351999,0.00044140,0.00045940,0.00043760,0.00045040,363543.63000000
1538352000,1538438399,0.00045040,0.00045420,0.00043420,0.00044120,260970.41000000
1538438400,1538524799,0.00044120,0.00044980,0.00043500,0.00044480,266587.83000000
1538524800,1538611199,0.00044460,0.00044570,0.00041080,0.00042490,394660.75000000
1538611200,1538697599,0.00042470,0.00043490,0.00042200,0.00042810,200998.39000000
1538697600,1538783999,0.00042680,0.00044100,0.00042220,0.00043350,265363.33000000
1538784000,1538870399,0.00043360,0.00045560,0.00042600,0.00044600,539969.71000000
1538870400,1538956799,0.00044600,0.00044820,0.00043560,0.00044350,255185.82000000
1538956800,1539043199,0.00044350,0.00047470,0.00043720,0.00047220,839886.78000000
1539043200,1539129599,0.00047220,0.00051570,0.00046410,0.00051030,1404044.56000000
1539129600,1539215999,0.00051040,0.00051590,0.00046960,0.00048630,689966.86000000
1539216000,1539302399,0.00048630,0.00048910,0.00041060,0.00042210,990848.61000000
1539302400,1539388799,0.00042040,0.00044710,0.00041370,0.00042800,426764.75000000
1539388800,1539475199,0.00042800,0.00045070,0.00042300,0.00044330,376039.63000000
1539475200,1539561599,0.00044330,0.00044840,0.00042450,0.00042920,369606.83000000
1539561600,1539647999,0.00042920,0.00044830,0.00042000,0.00043970,502350.71000000
1539648000,1539734399,0.00043980,0.00044530,0.00043250,0.00043920,285043.35000000
1539734400,1539820799,0.00044040,0.00045950,0.00043690,0.00045520,548349.23000000
1539820800,1539907199,0.00045490,0.00048870,0.00044600,0.00045480,1050537.74000000
1539907200,1539993599,0.00045420,0.00047500,0.00044710,0.00045060,509651.12000000
1539993600,1540079999,0.00045060,0.00045740,0.00043790,0.00045100,551702.35000000
1540080000,1540166399,0.00045210,0.00045740,0.00043480,0.00044010,400721.43000000
1540166400,1540252799,0.00044010,0.00046650,0.00043580,0.00046220,1073250.39000000
1540252800,1540339199,0.00046320,0.00048360,0.00045340,0.00046600,1473983.17000000
1540339200,1540425599,0.00046600,0.00047830,0.00045330,0.00046780,654345.14000000
1540425600,1540511999,0.00046780,0.00047950,0.00046000,0.00047420,612884.91000000
1540512000,1540598399,0.00047280,0.00050210,0.00047150,0.00050000,1760137.73000000
1540598400,1540684799,0.00049970,0.00051570,0.00046800,0.00047500,1014719.62000000
1540684800,1540771199,0.00047490,0.00050990,0.00046660,0.00049750,759620.42000000
1540771200,1540857599,0.00049590,0.00053990,0.00048660,0.00052710,1373621.53000000
1540857600,1540943999,0.00052720,0.00055170,0.00051140,0.00051710,1423901.18000000
1540944000,1541030399,0.00051710,0.00052400,0.00050540,0.00051440,700715.82000000
1541030400,1541116799,0.00051440,0.00052950,0.00050700,0.00052230,451323.00000000
1541116800,1541203199,0.00052260,0.00053750,0.00051150,0.00051760,522563.23000000
1541203200,1541289599,0.00051860,0.00052490,0.00050350,0.00052170,359299.32000000
1541289600,1541375999,0.00052360,0.00052450,0.00049120,0.00049950,434557.18000000
1541376000,1541462399,0.00049930,0.00050850,0.00047890,0.00048080,431894.62000000
1541462400,1541548799,0.00048120,0.00048800,0.00047240,0.00048010,500498.22000000
1541548800,1541635199,0.00047860,0.00048500,0.00047250,0.00047800,379707.23000000
1541635200,1541721599,0.00047780,0.00048350,0.00046660,0.00046990,427959.53000000
1541721600,1541807999,0.00046970,0.00047020,0.00045880,0.00046270,504447.11000000
1541808000,1541894399,0.00046270,0.00047960,0.00046100,0.00047150,630723.43000000
1541894400,1541980799,0.00047200,0.00047880,0.00046200,0.00047490,600808.34000000
1541980800,1542067199,0.00047390,0.00047540,0.00044130,0.00044360,570810.00000000
1542067200,1542153599,0.00044320,0.00044880,0.00042110,0.00042540,686513.85000000
1542153600,1542239999,0.00042400,0.00042550,0.00036290,0.00039170,1168074.12000000
1542240000,1542326399,0.00039160,0.00039850,0.00035660,0.00037950,970543.86000000
1542326400,1542412799,0.00038020,0.00038690,0.00036800,0.00037300,695940.07000000
1542412800,1542499199,0.00037370,0.00037950,0.00036530,0.00037140,561327.02000000
1542499200,1542585599,0.00037110,0.00038030,0.00036690,0.00037600,394366.60000000
1542585600,1542671999,0.00037610,0.00037880,0.00032210,0.00033360,1195250.61000000
1542672000,1542758399,0.00033290,0.00034380,0.00030200,0.00030670,1436042.38000000
1542758400,1542844799,0.00030640,0.00033180,0.00029790,0.00032120,930671.72000000
1542844800,1542931199,0.00032220,0.00034220,0.00031640,0.00031930,627831.59000000
1542931200,1543017599,0.00031910,0.00032400,0.00030380,0.00031310,522001.52000000
1543017600,1543103999,0.00031320,0.00032240,0.00027740,0.00029300,774899.22000000
1543104000,1543190399,0.00029300,0.00030050,0.00027470,0.00029380,825574.40000000
1543190400,1543276799,0.00029310,0.00029570,0.00027880,0.00028330,669455.38000000
1543276800,1543363199,0.00028330,0.00029500,0.00027710,0.00028940,604743.25000000
1543363200,1543449599,0.00028900,0.00032230,0.00028160,0.00029990,1287706.42000000
1543449600,1543535999,0.00029990,0.00032520,0.00029010,0.00030460,1387879.12000000
1543536000,1543622399,0.00030530,0.00030690,0.00028100,0.00029360,893027.32000000
1543622400,1543708799,0.00029360,0.00030470,0.00029150,0.00029700,513052.54000000
1543708800,1543795199,0.00029590,0.00030770,0.00029250,0.00029880,509781.15000000
1543795200,1543881599,0.00029940,0.00030060,0.00028410,0.00029230,650099.86000000
1543881600,1543967999,0.00029220,0.00031680,0.00027880,0.00030120,957897.79000000
1543968000,1544054399,0.00030150,0.00032270,0.00030050,0.00030140,977298.32000000
1544054400,1544140799,0.00030110,0.00030730,0.00027100,0.00027410,797097.30000000
1544140800,1544227199,0.00027390,0.00027880,0.00026210,0.00027290,747778.30000000
1544227200,1544313599,0.00027340,0.00027860,0.00026300,0.00026790,483302.17000000
1544313600,1544399999,0.00026710,0.00027660,0.00025900,0.00026670,579489.30000000
1544400000,1544486399,0.00026740,0.00027630,0.00026300,0.00027150,472889.19000000
1544486400,1544572799,0.00027060,0.00027160,0.00026250,0.00026890,374090.08000000
1544572800,1544659199,0.00026890,0.00027230,0.00026370,0.00026870,421018.55000000
1544659200,1544745599,0.00026900,0.00027750,0.00026680,0.00027050,511599.16000000
1544745600,1544831999,0.00027050,0.00030380,0.00026860,0.00027910,1477870.35000000
1544832000,1544918399,0.00027900,0.00029590,0.00027530,0.00028230,744408.51000000
1544918400,1545004799,0.00028240,0.00028540,0.00027280,0.00027480,457617.94000000
1545004800,1545091199,0.00027530,0.00028510,0.00026900,0.00028210,582977.51000000
1545091200,1545177599,0.00028210,0.00029880,0.00027830,0.00028410,627145.97000000
1545177600,1545263999,0.00028490,0.00031790,0.00028140,0.00028880,1620654.40000000
1545264000,1545350399,0.00028880,0.00031330,0.00027920,0.00029130,1492351.84000000
1545350400,1545436799,0.00029170,0.00029770,0.00027600,0.00028710,950011.44000000
1545436800,1545523199,0.00028670,0.00029960,0.00028500,0.00029430,619691.36000000
1545523200,1545609599,0.00029390,0.00030980,0.00029140,0.00030390,820629.67000000
1545609600,1545695999,0.00030320,0.00034230,0.00030010,0.00033280,2131878.85000000
1545696000,1545782399,0.00033160,0.00034940,0.00030560,0.00031360,1940319.73000000
1545782400,1545868799,0.00031300,0.00031700,0.00030250,0.00030420,627219.44000000
1545868800,1545955199,0.00030510,0.00030680,0.00027900,0.00029160,795874.57000000
1545955200,1546041599,0.00029210,0.00029590,0.00027580,0.00029270,641990.39000000
1546041600,1546127999,0.00029290,0.00029490,0.00028130,0.00028490,567913.30000000
1546128000,1546214399,0.00028370,0.00033410,0.00028260,0.00031770,1856275.25000000
1546214400,1546300799,0.00031780,0.00031850,0.00028600,0.00029390,868686.39000000
1546300800,1546387199,0.00029380,0.00029720,0.00028660,0.00029150,463014.78000000
1546387200,1546473599,0.00029180,0.00029700,0.00028870,0.00029270,559366.28000000
1546473600,1546559999,0.00029300,0.00030150,0.00029080,0.00030000,658492.47000000
1546560000,1546646399,0.00030090,0.00030100,0.00029080,0.00029740,628999.57000000
1546646400,1546732799,0.00029680,0.00030480,0.00029330,0.00029570,703079.60000000
1546732800,1546819199,0.00029580,0.00031910,0.00029300,0.00030760,1179670.26000000
1546819200,1546905599,0.00030700,0.00033290,0.00030120,0.00030360,1786979.04000000
1546905600,1546991999,0.00030310,0.00031550,0.00029820,0.00031080,897255.36000000
1546992000,1547078399,0.00031060,0.00032960,0.00030750,0.00031760,1099242.46000000
1547078400,1547164799,0.00031700,0.00032560,0.00027950,0.00029410,1172047.47000000
1547164800,1547251199,0.00029410,0.00029450,0.00028600,0.00029190,521758.94000000
1547251200,1547337599,0.00029190,0.00032470,0.00028710,0.00030370,1041805.32000000
1547337600,1547423999,0.00030400,0.00031900,0.00029530,0.00029860,1020863.11000000
1547424000,1547510399,0.00029870,0.00031330,0.00029650,0.00030710,798445.03000000
1547510400,1547596799,0.00030700,0.00032160,0.00030440,0.00031920,1162170.16000000
1547596800,1547683199,0.00031910,0.00036300,0.00031380,0.00035010,2741054.86000000
1547683200,1547769599,0.00035020,0.00035120,0.00032420,0.00033420,1760535.11000000
1547769600,1547855999,0.00033420,0.00033600,0.00030970,0.00031380,946426.50000000
1547856000,1547942399,0.00031380,0.00033650,0.00030970,0.00033100,997486.60000000
1547942400,1548028799,0.00033100,0.00033450,0.00030540,0.00031560,837853.67000000
1548028800,1548115199,0.00031540,0.00032330,0.00030960,0.00031210,494306.12000000
1548115200,1548201599,0.00031210,0.00032280,0.00030250,0.00031740,898716.26000000
1548201600,1548287999,0.00031740,0.00031880,0.00029950,0.00030580,717481.22000000
1548288000,1548374399,0.00030550,0.00031160,0.00030120,0.00030490,527638.01000000
1548374400,1548460799,0.00030510,0.00031880,0.00030360,0.00031320,962100.39000000
1548460800,1548547199,0.00031330,0.00031470,0.00030600,0.00031090,501620.92000000
1548547200,1548633599,0.00031100,0.00031160,0.00029440,0.00029620,764651.08000000
1548633600,1548719999,0.00029670,0.00029670,0.00027660,0.00029320,830237.42000000
1548720000,1548806399,0.00029290,0.00029680,0.00028160,0.00028900,498302.18000000
1548806400,1548892799,0.00028860,0.00029090,0.00028260,0.00028650,394649.30000000
1548892800,1548979199,0.00028620,0.00029020,0.00026630,0.00026840,610339.90000000
1548979200,1549065599,0.00026750,0.00027610,0.00026640,0.00027040,321850.59000000
1549065600,1549151999,0.00027000,0.00027480,0.00026780,0.00027150,252771.91000000
1549152000,1549238399,0.00027150,0.00027440,0.00026420,0.00026590,211529.07000000
1549238400,1549324799,0.00026550,0.00029570,0.00026290,0.00027730,1127571.55000000
1549324800,1549411199,0.00027680,0.00029080,0.00027370,0.00027850,671506.16000000
1549411200,1549497599,0.00027890,0.00028210,0.00026780,0.00027330,502048.23000000
1549497600,1549583999,0.00027340,0.00027850,0.00026760,0.00027170,317830.13000000
1549584000,1549670399,0.00027170,0.00027920,0.00026740,0.00027280,457636.41000000
1549670400,1549756799,0.00027380,0.00028750,0.00026970,0.00027760,791596.73000000
1549756800,1549843199,0.00027750,0.00028150,0.00027190,0.00027990,380190.53000000
1549843200,1549929599,0.00027970,0.00028310,0.00027570,0.00027840,381681.27000000
1549929600,1550015999,0.00027860,0.00028930,0.00027400,0.00027910,518983.14000000
1550016000,1550102399,0.00027910,0.00028400,0.00027560,0.00027850,450188.59000000
1550102400,1550188799,0.00027840,0.00028080,0.00027000,0.00027210,342761.99000000
1550188800,1550275199,0.00027160,0.00027890,0.00027140,0.00027720,251031.39000000
1550275200,1550361599,0.00027690,0.00027850,0.00027060,0.00027350,204995.24000000
1550361600,1550447999,0.00027260,0.00027990,0.00027220,0.00027710,216548.07000000
1550448000,1550534399,0.00027740,0.00030190,0.00027440,0.00028770,2279540.68000000
1550534400,1550620799,0.00028780,0.00030240,0.00027820,0.00027970,1558029.38000000
1550620800,1550707199,0.00027970,0.00029250,0.00027580,0.00028320,1574215.93000000
1550707200,1550793599,0.00028280,0.00028410,0.00027000,0.00027200,968205.35000000
1550793600,1550879999,0.00027180,0.00027290,0.00026220,0.00027000,910439.76000000
1550880000,1550966399,0.00027010,0.00028180,0.00026590,0.00027210,1644796.03000000
1550966400,1551052799,0.00027220,0.00027890,0.00026250,0.00026720,1255443.59000000
1551052800,1551139199,0.00026730,0.00027060,0.00026300,0.00026780,984254.66000000
1551139200,1551225599,0.00026780,0.00028280,0.00026400,0.00028090,1783042.85000000
1551225600,1551311999,0.00028050,0.00028680,0.00027250,0.00027620,1254813.82000000
1551312000,1551398399,0.00027620,0.00028850,0.00027470,0.00028470,1190521.17000000
1551398400,1551484799,0.00028440,0.00029430,0.00028420,0.00029210,1081786.15000000
1551484800,1551571199,0.00029090,0.00029240,0.00028000,0.00028960,983784.48000000
1551571200,1551657599,0.00028910,0.00031500,0.00028840,0.00030950,2100908.30000000
1551657600,1551743999,0.00030870,0.00032100,0.00027590,0.00028360,1953973.63000000
1551744000,1551830399,0.00028360,0.00028850,0.00028040,0.00028310,1216048.63000000
1551830400,1551916799,0.00028310,0.00029360,0.00028130,0.00028620,1278911.30000000
1551916800,1552003199,0.00028610,0.00029260,0.00028500,0.00028950,1283857.37000000
1552003200,1552089599,0.00028930,0.00029670,0.00028270,0.00028440,1282304.30000000
1552089600,1552175999,0.00028450,0.00030050,0.00028240,0.00029920,1648077.30000000
1552176000,1552262399,0.00029860,0.00030740,0.00029360,0.00030120,1908960.89000000
1552262400,1552348799,0.00030130,0.00031760,0.00030090,0.00030700,2150409.60000000
1552348800,1552435199,0.00030670,0.00033300,0.00029270,0.00032690,2214139.66000000
1552435200,1552521599,0.00032680,0.00033980,0.00031310,0.00032730,2732505.91000000
1552521600,1552607999,0.00032680,0.00033000,0.00031000,0.00031920,2003929.90000000
1552608000,1552694399,0.00031910,0.00033400,0.00031800,0.00033080,1945949.39000000
1552694400,1552780799,0.00033080,0.00034850,0.00032280,0.00033860,2702208.31000000
1552780800,1552867199,0.00033880,0.00034000,0.00032130,0.00032970,2063423.95000000
1552867200,1552953599,0.00032900,0.00033130,0.00031290,0.00031700,1966801.32000000
1552953600,1553039999,0.00031710,0.00032500,0.00031300,0.00031830,1763012.88000000
1553040000,1553126399,0.00031860,0.00032200,0.00031360,0.00031890,1606789.51000000
1553126400,1553212799,0.00031890,0.00032200,0.00028670,0.00031130,2362007.28000000
1553212800,1553299199,0.00031130,0.00031510,0.00030650,0.00030840,1507870.43000000
1553299200,1553385599,0.00030850,0.00031320,0.00030590,0.00031230,1509484.82000000
1553385600,1553471999,0.00031290,0.00031550,0.00030860,0.00031100,1351502.36000000
1553472000,1553558399,0.00031100,0.00031600,0.00029830,0.00030380,2161836.98000000
1553558400,1553644799,0.00030380,0.00032850,0.00030040,0.00032570,2568119.55000000
1553644800,1553731199,0.00032580,0.00034500,0.00031980,0.00033110,2930934.75000000
1553731200,1553817599,0.00033110,0.00040980,0.00032800,0.00037490,6808629.90000000
1553817600,1553903999,0.00037520,0.00038040,0.00034810,0.00036530,2623364.08000000
1553904000,1553990399,0.00036540,0.00039720,0.00035650,0.00039580,3706034.53000000
1553990400,1554076799,0.00039620,0.00042350,0.00038500,0.00040310,3538048.89000000
1554076800,1554163199,0.00040230,0.00048740,0.00039570,0.00046390,5133122.79000000
1554163200,1554249599,0.00046400,0.00053410,0.00036800,0.00040900,5401652.84000000
1554249600,1554335999,0.00040980,0.00045390,0.00037810,0.00039140,2843027.71000000
1554336000,1554422399,0.00039130,0.00044640,0.00038490,0.00041190,1773133.40000000
1554422400,1554508799,0.00041150,0.00044340,0.00040900,0.00042350,1431089.75000000
1554508800,1554595199,0.00042370,0.00046150,0.00042190,0.00044550,3175502.24000000
1554595200,1554681599,0.00044550,0.00047790,0.00043820,0.00043990,2265637.74000000
1554681600,1554767999,0.00043990,0.00045900,0.00041520,0.00042160,1542147.41000000
1554768000,1554854399,0.00042150,0.00043040,0.00039720,0.00040510,1426899.24000000
1554854400,1554940799,0.00040490,0.00042780,0.00038530,0.00038730,1668706.12000000
1554940800,1555027199,0.00038730,0.00039990,0.00035630,0.00039470,1626102.53000000
1555027200,1555113599,0.00039560,0.00042400,0.00036680,0.00041310,1838800.50000000
1555113600,1555199999,0.00041330,0.00043590,0.00040420,0.00042340,2267322.56000000
1555200000,1555286399,0.00042350,0.00043630,0.00040770,0.00042200,1794860.68000000
1555286400,1555372799,0.00042210,0.00044400,0.00040610,0.00040630,2270522.05000000
1555372800,1555459199,0.00040640,0.00042910,0.00040520,0.00041310,1741293.54000000
1555459200,1555545599,0.00041310,0.00043450,0.00040700,0.00042120,1649330.53000000
1555545600,1555631999,0.00042110,0.00044640,0.00042110,0.00043780,1883886.46000000
1555632000,1555718399,0.00043770,0.00050040,0.00043110,0.00047800,3684571.90000000
1555718400,1555804799,0.00047840,0.00052800,0.00047270,0.00051320,2877166.50000000
1555804800,1555891199,0.00051380,0.00053230,0.00045770,0.00049050,2322494.70000000
1555891200,1555977599,0.00049030,0.00050700,0.00046920,0.00047790,1436218.67000000
1555977600,1556063999,0.00047690,0.00049890,0.00044210,0.00044660,1490864.76000000
1556064000,1556150399,0.00044620,0.00047990,0.00040010,0.00043410,2233641.70000000
1556150400,1556236799,0.00043380,0.00045360,0.00041240,0.00041430,1320989.10000000
1556236800,1556323199,0.00041440,0.00041760,0.00039020,0.00040050,1704918.80000000
1556323200,1556409599,0.00039970,0.00041890,0.00039390,0.00040980,1682807.64000000
1556409600,1556495999,0.00040960,0.00042560,0.00038490,0.00038930,1176895.66000000
1556496000,1556582399,0.00038960,0.00040060,0.00035960,0.00037810,1357029.92000000
1556582400,1556668799,0.00037820,0.00040850,0.00037710,0.00040290,1087904.95000000
1556668800,1556755199,0.00040310,0.00041590,0.00039090,0.00039480,772372.66000000
1556755200,1556841599,0.00039480,0.00040570,0.00038300,0.00038490,939567.89000000
1556841600,1556927999,0.00038440,0.00038680,0.00035610,0.00036830,1062790.62000000
1556928000,1557014399,0.00036810,0.00038800,0.00034650,0.00035070,830302.49000000
1557014400,1557100799,0.00035040,0.00036230,0.00033920,0.00034220,934298.24000000
1557100800,1557187199,0.00034260,0.00036070,0.00033620,0.00035740,1132650.50000000
1557187200,1557273599,0.00035800,0.00036420,0.00031850,0.00031960,1328704.28000000
1557273600,1557359999,0.00031920,0.00032220,0.00029940,0.00030270,891583.49000000
1557360000,1557446399,0.00030250,0.00030260,0.00026380,0.00027040,1137679.26000000
1557446400,1557532799,0.00027020,0.00032040,0.00025770,0.00029450,1559817.84000000
1557532800,1557619199,0.00029460,0.00031590,0.00026780,0.00027170,1461111.89000000
1557619200,1557705599,0.00027160,0.00029050,0.00026750,0.00027700,1062310.97000000
1557705600,1557791999,0.00027670,0.00031780,0.00026500,0.00027600,2020869.76000000
1557792000,1557878399,0.00027620,0.00029710,0.00024810,0.00026760,1453087.72000000
1557878400,1557964799,0.00026780,0.00030100,0.00026200,0.00029440,932104.14000000
1557964800,1558051199,0.00029350,0.00031540,0.00027600,0.00028230,1930952.97000000
1558051200,1558137599,0.00028220,0.00031430,0.00027510,0.00031230,1774802.49000000
1558137600,1558223999,0.00031220,0.00031220,0.00029370,0.00030160,1083527.58000000
1558224000,1558310399,0.00030150,0.00030320,0.00026810,0.00027110,1158481.08000000
1558310400,1558396799,0.00027180,0.00028680,0.00026630,0.00027430,1188746.18000000
1558396800,1558483199,0.00027420,0.00028600,0.00027280,0.00028430,1225926.33000000
1558483200,1558569599,0.00028420,0.00030000,0.00027830,0.00028580,1400776.12000000
1558569600,1558655999,0.00028580,0.00029370,0.00027710,0.00028000,1060158.06000000
1558656000,1558742399,0.00028010,0.00029270,0.00026810,0.00027500,1215078.86000000
1558742400,1558828799,0.00027530,0.00028550,0.00027010,0.00027680,1135526.85000000
1558828800,1558915199,0.00027650,0.00028960,0.00024840,0.00025560,1375450.81000000
1558915200,1559001599,0.00025680,0.00027420,0.00025270,0.00026980,1119213.85000000
1559001600,1559087999,0.00027060,0.00027210,0.00025870,0.00026280,1133204.14000000
1559088000,1559174399,0.00026290,0.00028520,0.00025660,0.00028150,1479894.65000000
1559174400,1559260799,0.00028080,0.00033800,0.00027890,0.00028560,4251130.13000000
1559260800,1559347199,0.00028560,0.00029350,0.00027010,0.00027550,1642103.25000000
1559347200,1559433599,0.00027520,0.00027810,0.00026030,0.00026300,1329995.37000000
1559433600,1559519999,0.00026300,0.00027230,0.00025520,0.00026120,1386555.00000000
1559520000,1559606399,0.00026110,0.00026230,0.00025210,0.00025670,1147138.36000000
1559606400,1559692799,0.00025590,0.00026270,0.00024870,0.00025440,1071016.40000000
1559692800,1559779199,0.00025500,0.00025630,0.00025050,0.00025270,869986.33000000
1559779200,1559865599,0.00025260,0.00026970,0.00025180,0.00026460,1270613.76000000
1559865600,1559951999,0.00026440,0.00027430,0.00025860,0.00026240,1413489.95000000
1559952000,1560038399,0.00026230,0.00027140,0.00026070,0.00026450,1063929.42000000
1560038400,1560124799,0.00026440,0.00027540,0.00026420,0.00027160,1304234.25000000
1560124800,1560211199,0.00027180,0.00028690,0.00027030,0.00027440,1587875.54000000
1560211200,1560297599,0.00027450,0.00028500,0.00027180,0.00027870,1102224.33000000
1560297600,1560383999,0.00027900,0.00028700,0.00026040,0.00026230,1532046.54000000
1560384000,1560470399,0.00026240,0.00026800,0.00024500,0.00024980,1277654.45000000
1560470400,1560556799,0.00024960,0.00025430,0.00021800,0.00021880,1657901.28000000
1560556800,1560643199,0.00021900,0.00023020,0.00021590,0.00022070,1124824.75000000
1560643200,1560729599,0.00022080,0.00022150,0.00020080,0.00020880,1029533.41000000
1560729600,1560815999,0.00020890,0.00020970,0.00019140,0.00019380,1032027.01000000
1560816000,1560902399,0.00019370,0.00020380,0.00019040,0.00020110,861573.91000000
1560902400,1560988799,0.00020100,0.00020280,0.00019200,0.00019310,908276.15000000
1560988800,1561075199,0.00019280,0.00019530,0.00016720,0.00016810,1275223.89000000
1561075200,1561161599,0.00016770,0.00017100,0.00014560,0.00014590,1769851.11000000
1561161600,1561247999,0.00014590,0.00015460,0.00013010,0.00014580,2117378.84000000
1561248000,1561334399,0.00014580,0.00015580,0.00013250,0.00013910,1574679.89000000
1561334400,1561420799,0.00013890,0.00014970,0.00013490,0.00013730,1274593.18000000
1561420800,1561507199,0.00013740,0.00014520,0.00013050,0.00013640,1293686.51000000
1561507200,1561593599,0.00013660,0.00013770,0.00011350,0.00011790,1562034.25000000
1561593600,1561679999,0.00011830,0.00013290,0.00011700,0.00012500,1235488.27000000
1561680000,1561766399,0.00012500,0.00014300,0.00011960,0.00012140,1379475.71000000
1561766400,1561852799,0.00012110,0.00013000,0.00011750,0.00012730,2249265.00000000
1561852800,1561939199,0.00012750,0.00012980,0.00012290,0.00012740,1461432.06000000
1561939200,1562025599,0.00012730,0.00013630,0.00012650,0.00013540,1060855.83000000
1562025600,1562111999,0.00013530,0.00018650,0.00013470,0.00016350,5440122.73000000
1562112000,1562198399,0.00016350,0.00017880,0.00014850,0.00015290,4137539.88000000
1562198400,1562284799,0.00015300,0.00019830,0.00014850,0.00016820,4052498.61000000
1562284800,1562371199,0.00016780,0.00022170,0.00016570,0.00021850,5508210.29000000
1562371200,1562457599,0.00021880,0.00028000,0.00020170,0.00025970,10303521.17000000
1562457600,1562543999,0.00025970,0.00028390,0.00021600,0.00021610,5350179.36000000
1562544000,1562630399,0.00021600,0.00024880,0.00017430,0.00017870,5152654.66000000
1562630400,1562716799,0.00017830,0.00022220,0.00016740,0.00020780,6532186.61000000
1562716800,1562803199,0.00020790,0.00021770,0.00018360,0.00020150,5185149.95000000
1562803200,1562889599,0.00020200,0.00021850,0.00018850,0.00021460,2986637.12000000
1562889600,1562975999,0.00021460,0.00024870,0.00019570,0.00020540,7652996.81000000
1562976000,1563062399,0.00020540,0.00022270,0.00019840,0.00020440,3419753.44000000
1563062400,1563148799,0.00020430,0.00020550,0.00019110,0.00019320,1625855.40000000
1563148800,1563235199,0.00019260,0.00021110,0.00017170,0.00017710,2814687.17000000
1563235200,1563321599,0.00017720,0.00018510,0.00016610,0.00016880,1839116.95000000
1563321600,1563407999,0.00016880,0.00018090,0.00016060,0.00017440,1287189.79000000
1563408000,1563494399,0.00017430,0.00018240,0.00015750,0.00015830,1375968.70000000
1563494400,1563580799,0.00015810,0.00017200,0.00015470,0.00016430,973236.10000000
1563580800,1563667199,0.00016400,0.00017110,0.00015640,0.00016070,1335661.86000000
1563667200,1563753599,0.00016020,0.00016840,0.00016010,0.00016400,1044897.47000000
1563753600,1563839999,0.00016400,0.00017830,0.00016330,0.00017110,1745883.77000000
1563840000,1563926399,0.00017130,0.00017530,0.00016130,0.00016430,1233323.56000000
1563926400,1564012799,0.00016420,0.00019430,0.00015660,0.00018880,2606015.91000000
1564012800,1564099199,0.00018860,0.00020020,0.00018530,0.00018760,2315418.82000000
1564099200,1564185599,0.00018770,0.00019530,0.00018120,0.00019050,1206614.58000000
1564185600,1564271999,0.00019050,0.00019370,0.00018030,0.00018980,1163053.14000000
1564272000,1564358399,0.00018990,0.00019760,0.00018870,0.00019250,1254465.11000000
1564358400,1564444799,0.00019260,0.00019500,0.00018650,0.00019120,1154175.06000000
1564444800,1564531199,0.00019120,0.00021000,0.00018710,0.00019780,2366860.21000000
1564531200,1564617599,0.00019770,0.00019820,0.00017620,0.00018080,1649827.59000000
1564617600,1564703999,0.00018070,0.00018530,0.00016540,0.00016850,999112.04000000
1564704000,1564790399,0.00016830,0.00017980,0.00016710,0.00017090,1199010.46000000
1564790400,1564876799,0.00017070,0.00017280,0.00016000,0.00016230,908733.79000000
1564876800,1564963199,0.00016240,0.00017480,0.00016150,0.00016370,994886.76000000
1564963200,1565049599,0.00016350,0.00016360,0.00014550,0.00014790,907934.88000000
1565049600,1565135999,0.00014800,0.00015210,0.00014050,0.00014380,714648.27000000
1565136000,1565222399,0.00014380,0.00014400,0.00013190,0.00013370,779941.81000000
1565222400,1565308799,0.00013390,0.00013490,0.00012510,0.00012810,671958.92000000
1565308800,1565395199,0.00012820,0.00014100,0.00012730,0.00013120,1281017.08000000
1565395200,1565481599,0.00013120,0.00013900,0.00013020,0.00013710,782773.97000000
1565481600,1565567999,0.00013720,0.00014820,0.00013650,0.00013760,1029728.07000000
1565568000,1565654399,0.00013740,0.00014640,0.00013370,0.00013640,806429.47000000
1565654400,1565740799,0.00013640,0.00014230,0.00013460,0.00014130,651118.65000000
1565740800,1565827199,0.00014130,0.00014600,0.00013440,0.00013550,922962.92000000
1565827200,1565913599,0.00013550,0.00013640,0.00012720,0.00013100,528096.08000000
1565913600,1565999999,0.00013100,0.00014420,0.00012880,0.00013590,1113239.16000000
1566000000,1566086399,0.00013620,0.00013940,0.00013360,0.00013720,643204.03000000
1566086400,1566172799,0.00013740,0.00014230,0.00013540,0.00013830,611729.95000000
1566172800,1566259199,0.00013850,0.00014210,0.00013170,0.00014040,735663.98000000
1566259200,1566345599,0.00014060,0.00014100,0.00013120,0.00013280,609930.86000000
1566345600,1566431999,0.00013270,0.00014100,0.00013160,0.00013990,833758.05000000
1566432000,1566518399,0.00013970,0.00014700,0.00013900,0.00014600,1042916.90000000
1566518400,1566604799,0.00014580,0.00014650,0.00013410,0.00013710,1123129.80000000
1566604800,1566691199,0.00013710,0.00014710,0.00013620,0.00014380,1285891.85000000
1566691200,1566777599,0.00014380,0.00014690,0.00013630,0.00013770,1268909.14000000
1566777600,1566863999,0.00013800,0.00013800,0.00013070,0.00013270,992720.90000000
1566864000,1566950399,0.00013230,0.00013450,0.00012830,0.00013150,879041.02000000
1566950400,1567036799,0.00013140,0.00013210,0.00011550,0.00012110,1314510.77000000
1567036800,1567123199,0.00012130,0.00013060,0.00011690,0.00012110,887069.68000000
1567123200,1567209599,0.00012100,0.00012390,0.00011730,0.00012200,604549.85000000
1567209600,1567295999,0.00012190,0.00012280,0.00011830,0.00012000,598584.30000000
1567296000,1567382399,0.00011970,0.00012730,0.00011830,0.00011930,1116131.20000000
1567382400,1567468799,0.00011930,0.00012030,0.00011010,0.00011280,1029332.15000000
1567468800,1567555199,0.00011290,0.00011390,0.00010740,0.00010870,829422.92000000
1567555200,1567641599,0.00010870,0.00011260,0.00010510,0.00010680,657472.21000000
1567641600,1567727999,0.00010670,0.00010740,0.00010010,0.00010040,740566.19000000
1567728000,1567814399,0.00010040,0.00010100,0.00009330,0.00009440,879042.84000000
1567814400,1567900799,0.00009430,0.00010350,0.00009310,0.00009820,1145707.64000000
1567900800,1567987199,0.00009800,0.00010340,0.00009800,0.00010230,807872.07000000
1567987200,1568073599,0.00010230,0.00010510,0.00009800,0.00009910,709591.17000000
1568073600,1568159999,0.00009910,0.00010190,0.00009830,0.00009920,821011.04000000
1568160000,1568246399,0.00009910,0.00010190,0.00009200,0.00009250,1045730.23000000
1568246400,1568332799,0.00009260,0.00009730,0.00009160,0.00009300,691069.15000000
1568332800,1568419199,0.00009290,0.00009450,0.00009060,0.00009120,547230.72000000
1568419200,1568505599,0.00009130,0.00009380,0.00009100,0.00009270,587317.44000000
1568505600,1568591999,0.00009260,0.00009520,0.00009250,0.00009340,607332.54000000
1568592000,1568678399,0.00009310,0.00009550,0.00009290,0.00009440,686869.63000000
1568678400,1568764799,0.00009450,0.00010010,0.00009210,0.00009810,990467.85000000
1568764800,1568851199,0.00009820,0.00010200,0.00009630,0.00010130,1010339.05000000
1568851200,1568937599,0.00010140,0.00010160,0.00009340,0.00009560,918427.03000000
1568937600,1569023999,0.00009540,0.00009880,0.00009370,0.00009540,721836.26000000
1569024000,1569110399,0.00009500,0.00010220,0.00009500,0.00010050,940116.84000000
1569110400,1569196799,0.00010040,0.00010470,0.00009520,0.00009700,879810.29000000
1569196800,1569283199,0.00009700,0.00010040,0.00009540,0.00009570,622689.69000000
1569283200,1569369599,0.00009550,0.00009840,0.00008220,0.00008420,1002790.33000000
1569369600,1569455999,0.00008390,0.00008880,0.00008330,0.00008790,665605.76000000
1569456000,1569542399,0.00008780,0.00009340,0.00008530,0.00008840,1221477.05000000
1569542400,1569628799,0.00008860,0.00009030,0.00008700,0.00008870,701106.00000000
1569628800,1569715199,0.00008870,0.00009100,0.00008790,0.00008900,792733.94000000
1569715200,1569801599,0.00008860,0.00008900,0.00008310,0.00008550,818106.99000000
1569801600,1569887999,0.00008540,0.00008750,0.00008420,0.00008500,846768.04000000
1569888000,1569974399,0.00008510,0.00008650,0.00008400,0.00008540,741672.76000000
